{"acc": 0.8514122404597245, "loss": 0.20777906018290312, "_timestamp": 1695230025.1207485, "_runtime": 8.36512541770935, "_step": 7, "_wandb": {"runtime": 7}}