{"Epoch": 2, "_timestamp": 1695233295.0091074, "TrainPredictions": {"_type": "images/separated", "width": 640, "height": 480, "format": "png", "count": 3, "filenames": ["media/images/TrainPredictions_1700_eb59fb0bf14b115e437c.png", "media/images/TrainPredictions_1700_27be586945d77508119b.png", "media/images/TrainPredictions_1700_e2b146e5b3eac65b1892.png"], "captions": ["Input", "GT", "PredictedMono"]}, "Train/SILog": 0.9148075580596924, "_runtime": 1906.494918346405, "_step": 1750, "TestPredictions": {"_type": "images/separated", "width": 640, "height": 480, "format": "png", "count": 3, "filenames": ["media/images/TestPredictions_1580_c22bc365e01094aa070a.png", "media/images/TestPredictions_1580_6d94f6815a9ebc0e8bb3.png", "media/images/TestPredictions_1580_d58c3cf77cc0b6f5865d.png"], "captions": ["Input", "GT", "PredictedMono"]}, "Test/SILog": 0.9973814220421175, "Metrics/a1": 0.8208208681441342, "Metrics/a2": 0.9935593123624203, "Metrics/a3": 0.9991212273679158, "Metrics/abs_rel": 0.1633000201104203, "Metrics/rmse": 0.4546064234563699, "Metrics/log_10": 0.06446164542672427, "Metrics/rmse_log": 0.16446036985571233, "Metrics/silog": 7.847502609390043, "Metrics/sq_rel": 0.08598687685990491}